{
  "project_info": {
    "project_number": "388512007911",
    "firebase_url": "https://tabenow-ee915-default-rtdb.firebaseio.com",
    "project_id": "tabenow-ee915",
    "storage_bucket": "tabenow-ee915.appspot.com"
  },
  "client": [
    {
      "client_info": {
        "mobilesdk_app_id": "1:388512007911:android:159a236d86a28724a70442",
        "android_client_info": {
          "package_name": "com.example.tabenow_user"
        }
      },
      "oauth_client": [
        {
          "client_id": "388512007911-5rb781efqq43pvfhq1hsupi503uauho5.apps.googleusercontent.com",
          "client_type": 3
        }
      ],
      "api_key": [
        {
          "current_key": "AIzaSyC8dgl1wUsAXAXvT1XSK3ER9VEfXw7Uv3Y"
        }
      ],
      "services": {
        "appinvite_service": {
          "other_platform_oauth_client": [
            {
              "client_id": "388512007911-5rb781efqq43pvfhq1hsupi503uauho5.apps.googleusercontent.com",
              "client_type": 3
            }
          ]
        }
      }
    }
  ],
  "configuration_version": "1"
}